time,insulin conc mU/mL
0,0.02516
720,0.02532
1440,0.02729
2160,0.03023
2880,0.03241
3600,0.03461
4320,0.03625
5040,0.03737
5760,0.03780
6480,0.03790
7200,0.03814
7920,0.03820
8640,0.03745
